<?xml version="1.0" encoding="utf-8" ?><dwsync><file name=".DS_Store" server="shell.metropolia.fi/public_html/verkkokauppa/" local="3515656489" remote="318763443908553001" Dst="-1" /><file name="foundation-icons.css" server="shell.metropolia.fi/public_html/verkkokauppa/" local="3515656490" remote="318763443908553002" Dst="-1" /><file name="foundation-icons.eot" server="shell.metropolia.fi/public_html/verkkokauppa/" local="3515656493" remote="318763443908553005" Dst="-1" /><file name="foundation-icons.svg" server="shell.metropolia.fi/public_html/verkkokauppa/" local="3515656497" remote="318763443908553009" Dst="-1" /><file name="foundation-icons.ttf" server="shell.metropolia.fi/public_html/verkkokauppa/" local="3515656497" remote="318763443908553009" Dst="-1" /><file name="foundation-icons.woff" server="shell.metropolia.fi/public_html/verkkokauppa/" local="3515656497" remote="318763443908553009" Dst="-1" /><file name="preview.html" server="shell.metropolia.fi/public_html/verkkokauppa/" local="3515656497" remote="318763443908553009" Dst="-1" /><file name=".DS_Store" server="shell.metropolia.fi/public_html/wp_harjoitus/" local="3515656489" remote="318763443915566945" Dst="-1" /><file name="foundation-icons.css" server="shell.metropolia.fi/public_html/wp_harjoitus/" local="3515656490" remote="318763443915566945" Dst="-1" /><file name="foundation-icons.eot" server="shell.metropolia.fi/public_html/wp_harjoitus/" local="3515656493" remote="318763443915566946" Dst="-1" /><file name="foundation-icons.svg" server="shell.metropolia.fi/public_html/wp_harjoitus/" local="3515656497" remote="318763443915566946" Dst="-1" /><file name="foundation-icons.ttf" server="shell.metropolia.fi/public_html/wp_harjoitus/" local="3515656497" remote="318763443915566947" Dst="-1" /><file name="foundation-icons.woff" server="shell.metropolia.fi/public_html/wp_harjoitus/" local="3515656497" remote="318763443915566947" Dst="-1" /><file name="preview.html" server="shell.metropolia.fi/public_html/wp_harjoitus/" local="3515656497" remote="318763443915566948" Dst="-1" /><file name=".DS_Store" server="shell.metropolia.fi/public_html/wp_harjoitus_old/" local="3522670433" remote="318763443915566945" Dst="-1" /><file name="foundation-icons.css" server="shell.metropolia.fi/public_html/wp_harjoitus_old/" local="3522670433" remote="318763443915566945" Dst="-1" /><file name="foundation-icons.eot" server="shell.metropolia.fi/public_html/wp_harjoitus_old/" local="3522670434" remote="318763443915566946" Dst="-1" /><file name="foundation-icons.svg" server="shell.metropolia.fi/public_html/wp_harjoitus_old/" local="3522670434" remote="318763443915566946" Dst="-1" /><file name="foundation-icons.ttf" server="shell.metropolia.fi/public_html/wp_harjoitus_old/" local="3522670435" remote="318763443915566947" Dst="-1" /><file name="foundation-icons.woff" server="shell.metropolia.fi/public_html/wp_harjoitus_old/" local="3522670435" remote="318763443915566947" Dst="-1" /><file name="preview.html" server="shell.metropolia.fi/public_html/wp_harjoitus_old/" local="3522670436" remote="318763443915566948" Dst="-1" /></dwsync>